uai - identifiant;Libellé;sigle;type d'établissement;Code région;Région;Effectifs d'étudiants inscrits 2014-15;;;;;;;;;;;;;;;;;;;;;;;;;;;
0251215K;Université de Franche-Comté;UFC;Université;R27;Bourgogne-Franche-Comté;19654;;;;;;;;;;;;;;;;;;;;;;;;;;;
0333232J;Institut polytechnique de Bordeaux;IPB;Grand établissement;R75;Nouvelle-Aquitaine;2371;;;;;;;;;;;;;;;;;;;;;;;;;;;
0311256X;École nationale de l'aviation civile;ENAC;École d'ingénieurs;R76;Occitanie;890;;;;;;;;;;;;;;;;;;;;;;;;;;;
0210099U;École supérieure de commerce de Dijon-Bourgogne;ESC Dijon-Bourgogne;École de commerce et de management;R27;Bourgogne-Franche-Comté;2097;;;;;;;;;;;;;;;;;;;;;;;;;;;
0830766G;Université de Toulon;;Université;R93;Provence-Alpes-Côte d'Azur;8760;;;;;;;;;;;;;;;;;;;;;;;;;;;
0940607Z;École normale supérieure Paris-Saclay;ENS Paris-Saclay;École normale supérieure;R11;Île-de-France;1800;;;;;;;;;;;;;;;;;;;;;;;;;;;
0921204J;Université Paris Nanterre;;Université;R11;Île-de-France;31459;;;;;;;;;;;;;;;;;;;;;;;;;;;
1340004B;Casa de Velázquez de Madrid;;École française à l'étranger;R99;Étranger;nd;;;;;;;;;;;;;;;;;;;;;;;;;;;
3010001R;Institut français d'archéologie orientale du Caire;IFAO;École française à l'étranger;R99;Étranger;nd;;;;;;;;;;;;;;;;;;;;;;;;;;;
0870997L;Institut d'ingénierie informatique de Limoges;3IL;École d'ingénieurs;R75;Nouvelle-Aquitaine;405;;;;;;;;;;;;;;;;;;;;;;;;;;;
9760358K;Centre Universitaire de Mayotte;CU de Mayotte;Autre établissement;R06;Mayotte;801;;;;;;;;;;;;;;;;;;;;;;;;;;;
0932019P;ESIEE Paris;ESIEE Paris;École d'ingénieurs;R11;Île-de-France;1329;;;;;;;;;;;;;;;;;;;;;;;;;;;
0801911T;École supérieure d'ingénieurs en électronique et électrotechnique d'Amiens;ESIEE Amiens;École d'ingénieurs;R32;Hauts-de-France;380;;;;;;;;;;;;;;;;;;;;;;;;;;;
0801367B;École supérieure d'art et de design d'Amiens;Ésad Amiens;École de formation artistique;R32;Hauts-de-France;;;;;;;;;;;;;;;;;;;;;;;;;;;;
0753471R;Conservatoire national des arts et métiers;CNAM;Grand établissement;R11;Île-de-France;234;;;;;;;;;;;;;;;;;;;;;;;;;;;
0753431X;Institut d'études politiques de Paris;IEP de Paris;Grand établissement;R11;Île-de-France;9062;;;;;;;;;;;;;;;;;;;;;;;;;;;
0752559Z;Institut national du sport, de l'expertise et de la performance;INSEP;Grand établissement relevant d'un autre département ministériel;R11;Île-de-France;;;;;;;;;;;;;;;;;;;;;;;;;;;;
0755026F;Institut national d'histoire de l'art;INHA;Grand établissement;R11;Île-de-France;;;;;;;;;;;;;;;;;;;;;;;;;;;;
0753428U;Institut de physique du globe;IPG;Grand établissement;R11;Île-de-France;82;;;;;;;;;;;;;;;;;;;;;;;;;;;
0753560M;École supérieure d'informatique électronique automatique;ESIEA;École d'ingénieurs;R11;Île-de-France;907;;;;;;;;;;;;;;;;;;;;;;;;;;;
0753559L;Institut supérieur d'électronique de Paris;ISEP;École d'ingénieurs;R11;Île-de-France;700;;;;;;;;;;;;;;;;;;;;;;;;;;;
0753547Y;ESCP Europe;;École de commerce et de management;R11;Île-de-France;3751;;;;;;;;;;;;;;;;;;;;;;;;;;;
0753489K;École du Louvre;EDL;École de formation artistique;R11;Île-de-France;;;;;;;;;;;;;;;;;;;;;;;;;;;;
0754595M;Pôle supérieur d'enseignement artistique Paris—Boulogne-Billancourt;PSPBB;École de formation artistique;R11;Île-de-France;;;;;;;;;;;;;;;;;;;;;;;;;;;;
0772517T;École nationale des ponts et chaussées;ENPC;Grand établissement relevant d'un autre département ministériel;R11;Île-de-France;799;;;;;;;;;;;;;;;;;;;;;;;;;;;
0760166T;École nationale supérieure maritime;ENSM;Grand établissement relevant d'un autre département ministériel;R28;Normandie;558;;;;;;;;;;;;;;;;;;;;;;;;;;;
0762378X;École supérieure d'ingénieurs en génie électrique;ESIGELEC;École d'ingénieurs;R28;Normandie;1463;;;;;;;;;;;;;;;;;;;;;;;;;;;
0755661W;Institut Mines-Télécom;IMT;Grand établissement relevant d'un autre département ministériel;R11;Île-de-France;;;;;;;;;;;;;;;;;;;;;;;;;;;;
0783054W;École des hautes études commerciales de Paris;HEC Paris;École de commerce et de management;R11;Île-de-France;3946;;;;;;;;;;;;;;;;;;;;;;;;;;;
0755698L;Université Paris Lumières;;Communauté d'universités et établissements;R11;Île-de-France;;;;;;;;;;;;;;;;;;;;;;;;;;;;
0755802Z;Institut agronomique, vétérinaire et forestier de France;IAVFF;Autre établissement;R11;Île-de-France;;;;;;;;;;;;;;;;;;;;;;;;;;;;
0760164R;École nationale supérieure d'architecture de Normandie;ENSAN;Établissement supérieur d'architecture;R28;Normandie;;;;;;;;;;;;;;;;;;;;;;;;;;;;
0762687H;École supérieure d'art et design Le Havre-Rouen;ESADHaR;École de formation artistique;R28;Normandie;;;;;;;;;;;;;;;;;;;;;;;;;;;;
0755575C;Fondation de coopération scientifique. Paris Sciences et Lettres - Quartier latin;PSL;Autre établissement;R11;Île-de-France;;;;;;;;;;;;;;;;;;;;;;;;;;;;
7200664J;Université de Corse Pasquale Paoli;;Université;R94;Corse;3703;;;;;;;;;;;;;;;;;;;;;;;;;;;
;Site champenois;;Association d'établissements;R44;Grand Est;;;;;;;;;;;;;;;;;;;;;;;;;;;;
0750736T;Université Paris-Dauphine;Paris-Dauphine;Grand établissement;R11;Île-de-France;9507;;;;;;;;;;;;;;;;;;;;;;;;;;;
0660437S;Université de Perpignan - Via Domitia;;Université;R76;Occitanie;8673;;;;;;;;;;;;;;;;;;;;;;;;;;;
0751723R;Université Paris Diderot;;Université;R11;Île-de-France;23250;;;;;;;;;;;;;;;;;;;;;;;;;;;
0681166Y;Université de Haute-Alsace;UHA;Université;R44;Grand Est;7692;;;;;;;;;;;;;;;;;;;;;;;;;;;
0632033T;SIGMA Clermont;SIGMA;École d'ingénieurs;R84;Auvergne-Rhône-Alpes;961;;;;;;;;;;;;;;;;;;;;;;;;;;;
0670189S;École nationale du génie de l'eau et de l'environnement de Strasbourg;ENGEES;Etablissement relevant d'un autre département ministériel rattaché à un EPSCP;R44;Grand Est;325;;;;;;;;;;;;;;;;;;;;;;;;;;;
0690193K;Institut d'enseignement supérieur et de recherche en alimentation, santé animale, sciences agronomiques et de l'environnement;Vet Agro Sup;Grand établissement relevant d'un autre département ministériel;R84;Auvergne-Rhône-Alpes;691;;;;;;;;;;;;;;;;;;;;;;;;;;;
0752139T;Facultés Libres de Philosophie et de Psychologie;IPC;Autre établissement;R11;Île-de-France;;;;;;;;;;;;;;;;;;;;;;;;;;;;
0631287G;École nationale supérieure d'architecture de Clermont-Ferrand;ENSACF;Établissement supérieur d'architecture;R84;Auvergne-Rhône-Alpes;;;;;;;;;;;;;;;;;;;;;;;;;;;;
0623957P;Université d'Artois;;Université;R32;Hauts-de-France;10135;;;;;;;;;;;;;;;;;;;;;;;;;;;
0381912X;Grenoble INP;;Grand établissement;R84;Auvergne-Rhône-Alpes;4759;;;;;;;;;;;;;;;;;;;;;;;;;;;
0561718N;Université de Bretagne-Sud;UBS;Université;R53;Bretagne;8129;;;;;;;;;;;;;;;;;;;;;;;;;;;
0593279U;Université polytechnique des hauts de France;UPHF;Université;R32;Hauts-de-France;10369;;;;;;;;;;;;;;;;;;;;;;;;;;;
0352317D;Institut d'études politiques de Rennes;IEP de Rennes;Institut d'étude politique;R53;Bretagne;Comptabilisés dans les effectifs de leur établissement de rattachement;;;;;;;;;;;;;;;;;;;;;;;;;;;
0595876S;Institut d'études politiques de Lille;IEP de Lille;Institut d'étude politique;R32;Hauts-de-France;Comptabilisés dans les effectifs de leur établissement de rattachement;;;;;;;;;;;;;;;;;;;;;;;;;;;
0492246A;École supérieure angevine en informatique et productique;ESAIP;École d'ingénieurs;R52;Pays de la Loire;456;;;;;;;;;;;;;;;;;;;;;;;;;;;
0490072M;École supérieure d’agriculture;ESA;École d'ingénieurs;R52;Pays de la Loire;1135;;;;;;;;;;;;;;;;;;;;;;;;;;;
0352349N;Institut catholique de Rennes;ICR;Établissement privé d'enseignement universitaire;R53;Bretagne;;;;;;;;;;;;;;;;;;;;;;;;;;;;
0311381H;Institut national polytechnique de Toulouse;INPT;Institut national polytechnique;R76;Occitanie;3653;;;;;;;;;;;;;;;;;;;;;;;;;;;
0311384L;Université de Toulouse 3 - Paul Sabatier;;Université;R76;Occitanie;29485;;;;;;;;;;;;;;;;;;;;;;;;;;;
0290346U;Université de Bretagne Occidentale;UBO;Université;R53;Bretagne;17797;;;;;;;;;;;;;;;;;;;;;;;;;;;
0212198A;Institut national supérieur des sciences agronomiques, de l'alimentation et de l'environnement;Agrosup Dijon;Grand établissement;R27;Bourgogne-Franche-Comté;581;;;;;;;;;;;;;;;;;;;;;;;;;;;
0330192E;Institut d'études politiques de Bordeaux;IEP de Bordeaux;Institut d'étude politique;R75;Nouvelle-Aquitaine;Comptabilisés dans les effectifs de leur établissement de rattachement;;;;;;;;;;;;;;;;;;;;;;;;;;;
0171463Y;Université de La Rochelle;;Université;R75;Nouvelle-Aquitaine;7382;;;;;;;;;;;;;;;;;;;;;;;;;;;
0290119X;École nationale d'ingénieurs de Brest;ENIB;Écoles nationales supérieures d'ingénieurs;R53;Bretagne;638;;;;;;;;;;;;;;;;;;;;;;;;;;;
0180974L;Institut national des sciences appliquées Centre Val de Loire;INSA CVL;Instituts et écoles extérieurs aux universités;R24;Centre-Val de Loire;1413;;;;;;;;;;;;;;;;;;;;;;;;;;;
0310154Z;École d'ingénieurs de Purpan;;École d'ingénieurs;R76;Occitanie;968;;;;;;;;;;;;;;;;;;;;;;;;;;;
0171427J;Groupe Sup de Co La Rochelle;;École de commerce et de management;R75;Nouvelle-Aquitaine;3112;;;;;;;;;;;;;;;;;;;;;;;;;;;
0383493R;Université de Grenoble Alpes;UGA;Université;R84;Auvergne-Rhône-Alpes;39689;;;;;;;;;;;;;;;;;;;;;;;;;;;
0350097R;Institut national des sciences appliquées de Rennes;INSA Rennes;Instituts et écoles extérieurs aux universités;R53;Bretagne;1799;;;;;;;;;;;;;;;;;;;;;;;;;;;
0380134P;Institut d'études politiques de Grenoble;IEP de Grenoble;Institut d'étude politique;R84;Auvergne-Rhône-Alpes;Comptabilisés dans les effectifs de leur établissement de rattachement;;;;;;;;;;;;;;;;;;;;;;;;;;;
0350095N;École des hautes études en santé publique;EHESP;Grand établissement;R53;Bretagne;332;;;;;;;;;;;;;;;;;;;;;;;;;;;
0342222F;Centre international d'études supérieures en sciences agronomiques;Montpellier Sup Agro;Grand établissement relevant d'un autre département ministériel;R76;Occitanie;539;;;;;;;;;;;;;;;;;;;;;;;;;;;
0341089Z;Université Montpellier 3 - Paul-Valéry;UPV;Université;R76;Occitanie;18369;;;;;;;;;;;;;;;;;;;;;;;;;;;
0352337A;ECAM Rennes Louis de Broglie;ECAM Rennes;École d'ingénieurs;R53;Bretagne;458;;;;;;;;;;;;;;;;;;;;;;;;;;;
0330203S;École nationale supérieure des sciences agronomiques de Bordeaux Aquitaine;Bordeaux Sciences Agro;École d'ingénieurs;R75;Nouvelle-Aquitaine;443;;;;;;;;;;;;;;;;;;;;;;;;;;;
0691774D;Université Claude Bernard - Lyon 1;;Université;R84;Auvergne-Rhône-Alpes;34049;;;;;;;;;;;;;;;;;;;;;;;;;;;
0751719L;Université Sorbonne Nouvelle - Paris 3;;Université;R11;Île-de-France;16882;;;;;;;;;;;;;;;;;;;;;;;;;;;
0720916E;Le Mans Université;;Université;R52;Pays de la Loire;9719;;;;;;;;;;;;;;;;;;;;;;;;;;;
0694094A;Université de Lyon;UDL;Communauté d'universités et établissements;R84;Auvergne-Rhône-Alpes;;;;;;;;;;;;;;;;;;;;;;;;;;;;
0752792C;IPAG Business School;;École de commerce et de management;R11;Île-de-France;1640;;;;;;;;;;;;;;;;;;;;;;;;;;;
0690194L;École catholique des arts et métiers;ECAM;École d'ingénieurs;R84;Auvergne-Rhône-Alpes;811;;;;;;;;;;;;;;;;;;;;;;;;;;;
0692353H;Institut supérieur d’agriculture Rhône-Alpes;Isara-Lyon;École d'ingénieurs;R84;Auvergne-Rhône-Alpes;856;;;;;;;;;;;;;;;;;;;;;;;;;;;
0751877H;École nationale supérieure d'architecture de Paris-Belleville;ENSAPB;Établissement supérieur d'architecture;R11;Île-de-France;;;;;;;;;;;;;;;;;;;;;;;;;;;;
0751878J;École nationale supérieure de techniques avancées;ENSTA ParisTech;École d'ingénieurs;R11;Île-de-France;nd;;;;;;;;;;;;;;;;;;;;;;;;;;;
0753324F;École supérieure de réalisation audiovisuelle;ESRA;École de formation artistique;R11;Île-de-France;;;;;;;;;;;;;;;;;;;;;;;;;;;;
0761904G;Université de Rouen;;Université;R28;Normandie;25304;;;;;;;;;;;;;;;;;;;;;;;;;;;
0753375L;École nationale supérieure de chimie de Paris;ENS Chimie de Paris;Écoles nationales supérieures d'ingénieurs;R11;Île-de-France;322;;;;;;;;;;;;;;;;;;;;;;;;;;;
0753496T;Observatoire de Paris;;Grand établissement;R11;Île-de-France;102;;;;;;;;;;;;;;;;;;;;;;;;;;;
0753541S;Institut catholique de Paris;ICP;Établissement privé d'enseignement universitaire;R11;Île-de-France;4602;;;;;;;;;;;;;;;;;;;;;;;;;;;
0783664J;École supérieure des techniques aéronautiques et de construction automobile;ESTACA;École d'ingénieurs;R11;Île-de-France;1647;;;;;;;;;;;;;;;;;;;;;;;;;;;
0753493P;École nationale supérieure des mines de Paris;Mines ParisTech;École d'ingénieurs;R11;Île-de-France;955;;;;;;;;;;;;;;;;;;;;;;;;;;;
0755372G;CESI;CESI;École d'ingénieurs;R11;Île-de-France;4119;;;;;;;;;;;;;;;;;;;;;;;;;;;
0754446A;Institut national du patrimoine;Inp;École de formation artistique;R11;Île-de-France;;;;;;;;;;;;;;;;;;;;;;;;;;;;
0753495S;Conservatoire national supérieur de musique et de danse de Paris;CNSMDP;École de formation artistique;R11;Île-de-France;;;;;;;;;;;;;;;;;;;;;;;;;;;;
0753714E;École pratique de service social;EPSS;École de formation sanitaire et sociale;R11;Île-de-France;;;;;;;;;;;;;;;;;;;;;;;;;;;;
0911101C;Université Paris-Sud;;Université;R11;Île-de-France;28242;;;;;;;;;;;;;;;;;;;;;;;;;;;
0900424X;Université de technologie de Belfort-Montbéliard;UTBM;Instituts et écoles extérieurs aux universités;R27;Bourgogne-Franche-Comté;2806;;;;;;;;;;;;;;;;;;;;;;;;;;;
0870669E;Université de Limoges;;Université;R75;Nouvelle-Aquitaine;14950;;;;;;;;;;;;;;;;;;;;;;;;;;;
0941954N;École supérieure d'ingénieurs des travaux de la construction de Paris;ESITC Paris;École d'ingénieurs;R11;Île-de-France;311;;;;;;;;;;;;;;;;;;;;;;;;;;;
0851415B;Institut catholique d'études supérieures;ICES;Établissement privé d'enseignement universitaire;R52;Pays de la Loire;970;;;;;;;;;;;;;;;;;;;;;;;;;;;
0912381U;École nationale de la statistique et de l'administration économique;ENSAE ParisTech;École d'ingénieurs;R11;Île-de-France;490;;;;;;;;;;;;;;;;;;;;;;;;;;;
0951310H;École nationale supérieure d'arts de Paris-Cergy;ENSAPC;École de formation artistique;R11;Île-de-France;;;;;;;;;;;;;;;;;;;;;;;;;;;;
0060931E;Université Nice - Sophia-Antipolis;;Université;R93;Provence-Alpes-Côte d'Azur;26382;;;;;;;;;;;;;;;;;;;;;;;;;;;
0101059X;Groupe École Supérieure de Commerce de Troyes;Groupe ESC Troyes;École de commerce et de management;R44;Grand Est;1304;;;;;;;;;;;;;;;;;;;;;;;;;;;
0060836B;Villa Arson;;École de formation artistique;R93;Provence-Alpes-Côte d'Azur;;;;;;;;;;;;;;;;;;;;;;;;;;;;
0062143X;Centre international de création musicale;CIRM;École de formation artistique;R93;Provence-Alpes-Côte d'Azur;;;;;;;;;;;;;;;;;;;;;;;;;;;;
0511296G;Université de Reims Champagne-Ardenne;URCA;Université;R44;Grand Est;22650;;;;;;;;;;;;;;;;;;;;;;;;;;;
0542493S;Université de Lorraine;;Grand établissement;R44;Grand Est;52980;;;;;;;;;;;;;;;;;;;;;;;;;;;
0440100V;École centrale de Nantes;;Instituts et écoles extérieurs aux universités;R52;Pays de la Loire;2130;;;;;;;;;;;;;;;;;;;;;;;;;;;
0590311T;École nationale supérieure de chimie de Lille;ENS Chimie Lille;Écoles nationales supérieures d'ingénieurs;R32;Hauts-de-France;358;;;;;;;;;;;;;;;;;;;;;;;;;;;
0490970N;Université d'Angers;;Université;R52;Pays de la Loire;21220;;;;;;;;;;;;;;;;;;;;;;;;;;;
0440984F;Université de Nantes;;Université;R52;Pays de la Loire;35021;;;;;;;;;;;;;;;;;;;;;;;;;;;
0420093Y;École nationale d'ingénieurs de Saint-Étienne;ENISE;Instituts et écoles extérieurs aux universités;R84;Auvergne-Rhône-Alpes;895;;;;;;;;;;;;;;;;;;;;;;;;;;;
0573389Z;École supérieure d'ingénieurs des travaux de la construction de Metz;ESITC Metz;École d'ingénieurs;R44;Grand Est;261;;;;;;;;;;;;;;;;;;;;;;;;;;;
0510084P;École supérieure d'art et de design de Reims;ESAD;École de formation artistique;R44;Grand Est;;;;;;;;;;;;;;;;;;;;;;;;;;;;
0511931X;Centre national des arts du cirque;CNAC;École de formation artistique;R44;Grand Est;;;;;;;;;;;;;;;;;;;;;;;;;;;;
0590349J;École centrale de Lille;EC Lille;Instituts et écoles extérieurs aux universités;R32;Hauts-de-France;1595;;;;;;;;;;;;;;;;;;;;;;;;;;;
0590338X;École nationale supérieure des arts et industries textiles;ENSAIT;Instituts et écoles extérieurs aux universités;R32;Hauts-de-France;409;;;;;;;;;;;;;;;;;;;;;;;;;;;
0590346F;Skema Business School;Skema;Établissements d'enseignement supérieur privés rattachés à un EPSCP;R32;Hauts-de-France;6187;;;;;;;;;;;;;;;;;;;;;;;;;;;
0670190T;Institut national des sciences appliquées de Strasbourg;INSA Strasbourg;Instituts et écoles extérieurs aux universités;R44;Grand Est;1786;;;;;;;;;;;;;;;;;;;;;;;;;;;
0602099F;École supérieure de chimie organique et minérale;ESCOM;École d'ingénieurs;R32;Hauts-de-France;628;;;;;;;;;;;;;;;;;;;;;;;;;;;
0673048Z;Haute École des arts du Rhin;HEAR;Autre établissement;R44;Grand Est;;;;;;;;;;;;;;;;;;;;;;;;;;;;
059YNCRE;Yncréa Hauts-de-France;Yncréa Hauts-de-France;École d'ingénieurs;R32;Hauts-de-France;;;;;;;;;;;;;;;;;;;;;;;;;;;;
0670186N;École nationale supérieure d'architecture de Strasbourg;ENSAS;Établissement supérieur d'architecture;R44;Grand Est;;;;;;;;;;;;;;;;;;;;;;;;;;;;
9710585J;Université des Antilles;;Université;R01;Guadeloupe;9845;;;;;;;;;;;;;;;;;;;;;;;;;;;
1260001S;École française d'Athènes;EFA;École française à l'étranger;R99;Étranger;nd;;;;;;;;;;;;;;;;;;;;;;;;;;;
0951808Z;École d'ingénieur d'agro-développement international;ISTOM;École d'ingénieurs;R11;Île-de-France;476;;;;;;;;;;;;;;;;;;;;;;;;;;;
0951819L;ECAM-EPMI;ECAM-EPMI;École d'ingénieurs;R11;Île-de-France;695;;;;;;;;;;;;;;;;;;;;;;;;;;;
;Site Aix-Marseille-Provence-Méditerranée;;Association d'établissements;R93;Provence-Alpes-Côte d'Azur;;;;;;;;;;;;;;;;;;;;;;;;;;;;
0141408E;Université de Caen Normandie;;Université;R28;Normandie;24387;;;;;;;;;;;;;;;;;;;;;;;;;;;
0101060Y;Université de technologie de Troyes;UTT;Instituts et écoles extérieurs aux universités;R44;Grand Est;2613;;;;;;;;;;;;;;;;;;;;;;;;;;;
0062126D;Université Côte d'Azur;UCA;Communauté d'universités et établissements;R93;Provence-Alpes-Côte d'Azur;;;;;;;;;;;;;;;;;;;;;;;;;;;;
0753478Y;École nationale des Chartes;ENC;Grand établissement;R11;Île-de-France;114;;;;;;;;;;;;;;;;;;;;;;;;;;;
0753494R;Muséum national d'histoire naturelle;MNHN;Grand établissement;R11;Île-de-France;361;;;;;;;;;;;;;;;;;;;;;;;;;;;
0753742K;École des hautes études en sciences sociales;EHESS;Grand établissement;R11;Île-de-France;2773;;;;;;;;;;;;;;;;;;;;;;;;;;;
0755890V;Sorbonne Université;;Université;R11;Île-de-France;51881;;;;;;;;;;;;;;;;;;;;;;;;;;;
0753480A;Collège de France;;Grand établissement;R11;Île-de-France;;;;;;;;;;;;;;;;;;;;;;;;;;;;
0755373H;Institut catholique d'arts et métiers;ICAM;École d'ingénieurs;R11;Île-de-France;2936;;;;;;;;;;;;;;;;;;;;;;;;;;;
0755700N;Université de recherche Paris sciences et lettres - PSL Research University;PSL;Communauté d'universités et établissements;R11;Île-de-France;;;;;;;;;;;;;;;;;;;;;;;;;;;;
0753667D;École nationale supérieure des beaux-arts;ENSBA;École de formation artistique;R11;Île-de-France;;;;;;;;;;;;;;;;;;;;;;;;;;;;
0753655R;Fondation Maison des Sciences de l'homme;FMSH;Autre établissement;R11;Île-de-France;;;;;;;;;;;;;;;;;;;;;;;;;;;;
0753469N;Conservatoire national supérieur d'art dramatique;CNSAD;École de formation artistique;R11;Île-de-France;;;;;;;;;;;;;;;;;;;;;;;;;;;;
0911568K;École polytechnique;X;École d'ingénieurs;R11;Île-de-France;2980;;;;;;;;;;;;;;;;;;;;;;;;;;;
0912266U;École nationale supérieure d'informatique pour l'industrie et l'entreprise;ENSIIE;Écoles nationales supérieures d'ingénieurs;R11;Île-de-France;567;;;;;;;;;;;;;;;;;;;;;;;;;;;
0772710C;Université Paris-Est;UPE;Communauté d'universités et établissements;R11;Île-de-France;1387;;;;;;;;;;;;;;;;;;;;;;;;;;;
0760168V;École de management de Normandie;EM Normandie;Autre établissement;R28;Normandie;2587;;;;;;;;;;;;;;;;;;;;;;;;;;;
0772551E;École d'architecture de la ville et des territoires à Marne-la-Vallée;ENSA VT;Établissement supérieur d'architecture;R11;Île-de-France;;;;;;;;;;;;;;;;;;;;;;;;;;;;
0861288H;Centre national d'enseignement à distance;CNED;Autre établissement;R75;Nouvelle-Aquitaine;;;;;;;;;;;;;;;;;;;;;;;;;;;;
0771077C;Institut européen d'administration des affaires;INSEAD;École de commerce et de management;R11;Île-de-France;1010;;;;;;;;;;;;;;;;;;;;;;;;;;;
0912382V;Groupe des écoles nationales d'économie et statistique;GENES;Grand établissement relevant d'un autre département ministériel;R11;Île-de-France;;;;;;;;;;;;;;;;;;;;;;;;;;;;
0781110H;Institut supérieur international du parfum, de la cosmétique et de l'aromatique alimentaire;ISIPCA;École de commerce et de management;R11;Île-de-France;;;;;;;;;;;;;;;;;;;;;;;;;;;;
9840349G;Université de la Polynésie Française;UPF;Université;R00;Collectivités d'outre-mer;3255;;;;;;;;;;;;;;;;;;;;;;;;;;;
0951214D;École supérieure des sciences économiques et commerciales;Essec;Autre établissement;R11;Île-de-France;4618;;;;;;;;;;;;;;;;;;;;;;;;;;;
0951376E;École nationale supérieure de l'électronique et de ses applications de Cergy;ENSEA;Écoles habilitées à délivrer un diplôme d'ingénieur;R11;Île-de-France;837;;;;;;;;;;;;;;;;;;;;;;;;;;;
0942340H;École spéciale des travaux publics, du bâtiment et de l'industrie;ESTP;Établissements d'enseignement supérieur privés rattachés à un EPSCP;R11;Île-de-France;2256;;;;;;;;;;;;;;;;;;;;;;;;;;;
0951820M;École de biologie industrielle;EBI;École d'ingénieurs;R11;Île-de-France;709;;;;;;;;;;;;;;;;;;;;;;;;;;;
0920836J;Centre international d'études pédagogiques;CIEP;Autre établissement;R11;Île-de-France;;;;;;;;;;;;;;;;;;;;;;;;;;;;
;Université de Lorraine;;Association d'établissements;R44;Grand Est;;;;;;;;;;;;;;;;;;;;;;;;;;;;
;Sorbonne Université;;Association d'établissements;R11;Île-de-France;;;;;;;;;;;;;;;;;;;;;;;;;;;;
0311382J;Université Toulouse 1 - Capitole;;Université;R76;Occitanie;21210;;;;;;;;;;;;;;;;;;;;;;;;;;;
0310152X;Institut national des sciences appliquées de Toulouse;INSA Toulouse;Instituts et écoles extérieurs aux universités;R76;Occitanie;2871;;;;;;;;;;;;;;;;;;;;;;;;;;;
0311383K;Université Toulouse - Jean Jaurès;;Université;R76;Occitanie;24022;;;;;;;;;;;;;;;;;;;;;;;;;;;
0301687W;Université de Nîmes;UNÎMES;Université;R76;Occitanie;3965;;;;;;;;;;;;;;;;;;;;;;;;;;;
0310133B;Institut d'études politiques de Toulouse;IEP de Toulouse;Institut d'étude politique;R76;Occitanie;Comptabilisés dans les effectifs de leur établissement de rattachement;;;;;;;;;;;;;;;;;;;;;;;;;;;
0310153Y;École nationale vétérinaire de Toulouse;ENVT;Etablissement relevant d'un autre département ministériel rattaché à un EPSCP;R76;Occitanie;690;;;;;;;;;;;;;;;;;;;;;;;;;;;
0141720U;École nationale supérieure d'ingénieurs de Caen;ENSI Caen;Écoles nationales supérieures d'ingénieurs;R28;Normandie;727;;;;;;;;;;;;;;;;;;;;;;;;;;;
0312760G;Institut supérieur de l'aéronautique et de l'espace;ISAE;Grand établissement relevant d'un autre département ministériel;R76;Occitanie;1322;;;;;;;;;;;;;;;;;;;;;;;;;;;
0333326L;KEDGE Business School;;École de commerce et de management;R75;Nouvelle-Aquitaine;11658;;;;;;;;;;;;;;;;;;;;;;;;;;;
0290125D;École nationale supérieure de techniques avancées Bretagne;ENSTA Bretagne;École d'ingénieurs;R53;Bretagne;699;;;;;;;;;;;;;;;;;;;;;;;;;;;
0211237F;Université de Bourgogne;;Université;R27;Bourgogne-Franche-Comté;26357;;;;;;;;;;;;;;;;;;;;;;;;;;;
0450855K;Université d'Orléans;;Université;R24;Centre-Val de Loire;14238;;;;;;;;;;;;;;;;;;;;;;;;;;;
0350937D;Université Rennes 2;;Université;R53;Bretagne;21249;;;;;;;;;;;;;;;;;;;;;;;;;;;
0441916U;École nationale vétérinaire, agroalimentaire et de l'alimentation, Nantes-Atlantique;ONIRIS;Grand établissement relevant d'un autre département ministériel;R52;Pays de la Loire;970;;;;;;;;;;;;;;;;;;;;;;;;;;;
0383412C;Université Grenoble Alpes;;Communauté d'universités et établissements;R84;Auvergne-Rhône-Alpes;3476;;;;;;;;;;;;;;;;;;;;;;;;;;;
0340137P;Montpellier Business School;;École de commerce et de management;R76;Occitanie;3029;;;;;;;;;;;;;;;;;;;;;;;;;;;
0352440M;École normale supérieure de Rennes;ENS Rennes;École normale supérieure;R53;Bretagne;328;;;;;;;;;;;;;;;;;;;;;;;;;;;
0352373P;École des métiers de l'environnement;EME;École d'ingénieurs;R53;Bretagne;264;;;;;;;;;;;;;;;;;;;;;;;;;;;
0601223D;Université de technologie de Compiègne;UTC;Instituts et écoles extérieurs aux universités;R32;Hauts-de-France;3974;;;;;;;;;;;;;;;;;;;;;;;;;;;
0490076S;École supérieure des sciences commerciales d'Angers;ESSCA;Autre établissement;R52;Pays de la Loire;2650;;;;;;;;;;;;;;;;;;;;;;;;;;;
0595964M;Université du Littoral Côte d'Opale;ULCO;Université;R32;Hauts-de-France;9669;;;;;;;;;;;;;;;;;;;;;;;;;;;
0590344D;Institut catholique de Lille;ICL;Autre établissement;R32;Hauts-de-France;6637;;;;;;;;;;;;;;;;;;;;;;;;;;;
0490075R;École supérieure d'électronique de l'Ouest;ESEO;École d'ingénieurs;R52;Pays de la Loire;1097;;;;;;;;;;;;;;;;;;;;;;;;;;;
0596870X;Université Lille Nord de France;;Communauté d'universités et établissements;R32;Hauts-de-France;;;;;;;;;;;;;;;;;;;;;;;;;;;;
0597065J;Université de Lille;;Université;R32;Hauts-de-France;66563;;;;;;;;;;;;;;;;;;;;;;;;;;;
0672678X;École nationale d'administration;ENA;École d'administration publique;R44;Grand Est;;;;;;;;;;;;;;;;;;;;;;;;;;;;
0593207R;École supérieure de journalisme de Lille;ESJ;Autre établissement;R32;Hauts-de-France;;;;;;;;;;;;;;;;;;;;;;;;;;;;
0511556P;Institut régional du travail social de Champagne-Ardennes;IRTS Champagne-Ardenne;École de formation sanitaire et sociale;R44;Grand Est;;;;;;;;;;;;;;;;;;;;;;;;;;;;
0692459Y;École nationale supérieure des sciences de l'information et des bibliothèques;ENSSIB;Grand établissement;R84;Auvergne-Rhône-Alpes;225;;;;;;;;;;;;;;;;;;;;;;;;;;;
0753237L;École nationale supérieure d'arts et métiers;ENSAM;Grand établissement;R11;Île-de-France;5703;;;;;;;;;;;;;;;;;;;;;;;;;;;
0753465J;Institut des sciences et industries du vivant et de l'environnement;Agro Paris Tech;Grand établissement relevant d'un autre département ministériel;R11;Île-de-France;2182;;;;;;;;;;;;;;;;;;;;;;;;;;;
0750043P;École d'ingénieur de la ville de Paris;EIVP;Etablissement relevant d'un autre département ministériel rattaché à un EPSCP;R11;Île-de-France;318;;;;;;;;;;;;;;;;;;;;;;;;;;;
0730858L;Université Savoie Mont Blanc;USMB;Université;R84;Auvergne-Rhône-Alpes;12611;;;;;;;;;;;;;;;;;;;;;;;;;;;
0750252S;Institut supérieur du commerce de Paris;ISC Paris Business School;École de commerce et de management;R11;Île-de-France;1483;;;;;;;;;;;;;;;;;;;;;;;;;;;
0693735K;École nationale supérieure des arts et techniques du théâtre;ENSATT;Autre établissement;R84;Auvergne-Rhône-Alpes;;;;;;;;;;;;;;;;;;;;;;;;;;;;
0753457A;École nationale supérieure des métiers de l'image et du son;La Fémis;École de formation artistique;R11;Île-de-France;;;;;;;;;;;;;;;;;;;;;;;;;;;;
0130221V;Institut d'études politiques d'Aix-en-Provence;IEP d'Aix-en-Provence;Institut d'étude politique;R93;Provence-Alpes-Côte d'Azur;Comptabilisés dans les effectifs de leur établissement de rattachement;;;;;;;;;;;;;;;;;;;;;;;;;;;
0133774G;École centrale de Marseille;;Instituts et écoles extérieurs aux universités;R93;Provence-Alpes-Côte d'Azur;919;;;;;;;;;;;;;;;;;;;;;;;;;;;
0310155A;Institut catholique de Toulouse;ICT;Établissement privé d'enseignement universitaire;R76;Occitanie;3062;;;;;;;;;;;;;;;;;;;;;;;;;;;
0171435T;École d'ingénieurs en génie des systèmes industriels;EIGSI;École d'ingénieurs;R75;Nouvelle-Aquitaine;824;;;;;;;;;;;;;;;;;;;;;;;;;;;
0060099A;Observatoire de la côte d'azur;OCA;Autre établissement;R93;Provence-Alpes-Côte d'Azur;;;;;;;;;;;;;;;;;;;;;;;;;;;;
0142382N;Normandie Université;;Communauté d'universités et établissements;R28;Normandie;;;;;;;;;;;;;;;;;;;;;;;;;;;;
0141432F;École supérieure d'arts et médias de Caen - Cherbourg;ÉSAM Caen/Cherbourg;École de formation artistique;R28;Normandie;;;;;;;;;;;;;;;;;;;;;;;;;;;;
0310150V;École nationale supérieure d'architecture de Toulouse;ENSA Toulouse;Établissement supérieur d'architecture;R76;Occitanie;;;;;;;;;;;;;;;;;;;;;;;;;;;;
0350936C;Université de Rennes 1;;Université;R53;Bretagne;25803;;;;;;;;;;;;;;;;;;;;;;;;;;;
0342321N;Université de Montpellier;;Université;R76;Occitanie;39082;;;;;;;;;;;;;;;;;;;;;;;;;;;
0333298F;Université de Bordeaux;;Université;R75;Nouvelle-Aquitaine;46382;;;;;;;;;;;;;;;;;;;;;;;;;;;
0352692L;Institut supérieur des sciences agronomiques, agroalimentaires, horticoles et du paysage;Agro campus Ouest;Grand établissement relevant d'un autre département ministériel;R53;Bretagne;1423;;;;;;;;;;;;;;;;;;;;;;;;;;;
0340112M;École nationale supérieure de chimie de Montpellier;ENS Chimie Montpellier;Écoles nationales supérieures d'ingénieurs;R76;Occitanie;440;;;;;;;;;;;;;;;;;;;;;;;;;;;
0312758E;Université fédérale de Toulouse Midi-Pyrénées;;Communauté d'universités et établissements;R76;Occitanie;;;;;;;;;;;;;;;;;;;;;;;;;;;;
0310156B;Toulouse Business School;TBS;École de commerce et de management;R76;Occitanie;4227;;;;;;;;;;;;;;;;;;;;;;;;;;;
0352756F;Université Bretagne Loire;UBL;Communauté d'universités et établissements;R53;Bretagne;;;;;;;;;;;;;;;;;;;;;;;;;;;;
0352480F;École nationale de la statistique et de l'analyse de l'information;ENSAI;École d'ingénieurs;R53;Bretagne;457;;;;;;;;;;;;;;;;;;;;;;;;;;;
0840685N;Avignon Université;AU;Université;R93;Provence-Alpes-Côte d'Azur;6582;;;;;;;;;;;;;;;;;;;;;;;;;;;
0753364Z;Institut d'administration des entreprises de Paris;IAE de Paris;Autre établissement;R11;Île-de-France;Comptabilisés dans les effectifs de leur établissement de rattachement;;;;;;;;;;;;;;;;;;;;;;;;;;;
0753455Y;École normale supérieure de Paris;ENS ULM;École normale supérieure;R11;Île-de-France;1629;;;;;;;;;;;;;;;;;;;;;;;;;;;
0760165S;Institut national des sciences appliquées de Rouen;INSA Rouen;Instituts et écoles extérieurs aux universités;R28;Normandie;1760;;;;;;;;;;;;;;;;;;;;;;;;;;;
0755598C;Université Sorbonne Paris Cité;;Communauté d'universités et établissements;R11;Île-de-France;;;;;;;;;;;;;;;;;;;;;;;;;;;;
0755581J;Hautes Études-Sorbonne-Arts et Métiers;HESAM;Communauté d'universités et établissements;R11;Île-de-France;;;;;;;;;;;;;;;;;;;;;;;;;;;;
0782019W;École nationale supérieure du Paysage de Versailles-Marseille;ENSPVM;École de formation agricole ou halieutique;R11;Île-de-France;291;;;;;;;;;;;;;;;;;;;;;;;;;;;
0780412Z;École nationale supérieure d’architecture de Versailles;ENSA-V;Établissement supérieur d'architecture;R11;Île-de-France;;;;;;;;;;;;;;;;;;;;;;;;;;;;
0754585B;École nationale supérieure de création industrielle – Les Ateliers;ENSCI–Les Ateliers;École de formation artistique;R11;Île-de-France;;;;;;;;;;;;;;;;;;;;;;;;;;;;
0753470P;École nationale supérieure des arts décoratifs;ÉnsAD-Paris;École de formation artistique;R11;Île-de-France;;;;;;;;;;;;;;;;;;;;;;;;;;;;
0860856N;Université de Poitiers;;Université;R75;Nouvelle-Aquitaine;22978;;;;;;;;;;;;;;;;;;;;;;;;;;;
0930603A;Institut supérieur de mécanique de Paris;Supméca;Instituts et écoles extérieurs aux universités;R11;Île-de-France;671;;;;;;;;;;;;;;;;;;;;;;;;;;;
0910725U;Institut d'Optique Graduate School;IOGS;Établissements d'enseignement supérieur privés rattachés à un EPSCP;R11;Île-de-France;423;;;;;;;;;;;;;;;;;;;;;;;;;;;
0912341A;CentraleSupélec;;Grand établissement;R11;Île-de-France;5040;;;;;;;;;;;;;;;;;;;;;;;;;;;
0922563L;École supérieure d'ingénieurs Léonard-de-Vinci;ESILV;École d'ingénieurs;R11;Île-de-France;959;;;;;;;;;;;;;;;;;;;;;;;;;;;
0920674H;EPF - École d'ingénieurs;EPF;École d'ingénieurs;R11;Île-de-France;1705;;;;;;;;;;;;;;;;;;;;;;;;;;;
0932066R;École nationale supérieure Louis Lumière;ENSLL;Autre établissement;R11;Île-de-France;;;;;;;;;;;;;;;;;;;;;;;;;;;;
0861420B;Université confédérale Léonard de Vinci;;Communauté d'universités et établissements;R75;Nouvelle-Aquitaine;;;;;;;;;;;;;;;;;;;;;;;;;;;;
0920672F;École supérieure de fonderie et de forge;;École d'ingénieurs;R11;Île-de-France;82;;;;;;;;;;;;;;;;;;;;;;;;;;;
0932560C;Campus Condorcet;;Pôle de recherche et d'enseignement supérieur;R11;Île-de-France;;;;;;;;;;;;;;;;;;;;;;;;;;;;
0951793H;Université de Cergy-Pontoise;;Université;R11;Île-de-France;12827;;;;;;;;;;;;;;;;;;;;;;;;;;;
9740478B;Université de La Réunion;;Université;R04;La Réunion;12136;;;;;;;;;;;;;;;;;;;;;;;;;;;
0951623Y;École internationale des sciences du traitement de l'information;EISTI;Établissements d'enseignement supérieur privés rattachés à un EPSCP;R11;Île-de-France;1197;;;;;;;;;;;;;;;;;;;;;;;;;;;
1270009V;École française de Rome;EFR;École française à l'étranger;R99;Étranger;nd;;;;;;;;;;;;;;;;;;;;;;;;;;;
0134009M;Aix-Marseille Université;AMU;Université;R93;Provence-Alpes-Côte d'Azur;60154;;;;;;;;;;;;;;;;;;;;;;;;;;;
0673021V;Université de Strasbourg;;Université;R44;Grand Est;44726;;;;;;;;;;;;;;;;;;;;;;;;;;;
0751717J;Université Paris 1 - Panthéon Sorbonne;;Université;R11;Île-de-France;39532;;;;;;;;;;;;;;;;;;;;;;;;;;;
0694123G;École normale supérieure de Lyon;ENS de Lyon;École normale supérieure;R84;Auvergne-Rhône-Alpes;2053;;;;;;;;;;;;;;;;;;;;;;;;;;;
0751718K;Université Panthéon-Assas;;Université;R11;Île-de-France;16592;;;;;;;;;;;;;;;;;;;;;;;;;;;
0693623N;École supérieure de chimie physique électronique de Lyon;CPE Lyon;École d'ingénieurs;R84;Auvergne-Rhône-Alpes;1236;;;;;;;;;;;;;;;;;;;;;;;;;;;
0690173N;Institut d'études politiques de Lyon;IEP de Lyon;Institut d'étude politique;R84;Auvergne-Rhône-Alpes;Comptabilisés dans les effectifs de leur établissement de rattachement;;;;;;;;;;;;;;;;;;;;;;;;;;;
0751794T;École française d'Extrême-Orient;EFEO;École française à l'étranger;R11;Île-de-France;nd;;;;;;;;;;;;;;;;;;;;;;;;;;;
0751875F;École nationale supérieure d'architecture de Paris-La Villette;ENSAPLV;Établissement supérieur d'architecture;R11;Île-de-France;;;;;;;;;;;;;;;;;;;;;;;;;;;;
0370800U;Université de Tours;;Université;R24;Centre-Val de Loire;23495;;;;;;;;;;;;;;;;;;;;;;;;;;;
0640251A;Université de Pau et des Pays de l'Adour;UPPA;Université;R75;Nouvelle-Aquitaine;11774;;;;;;;;;;;;;;;;;;;;;;;;;;;
0421095M;Université Jean Monnet;;Université;R84;Auvergne-Rhône-Alpes;17163;;;;;;;;;;;;;;;;;;;;;;;;;;;
0632035V;Université Clermont Auvergne;UCA;Université;R84;Auvergne-Rhône-Alpes;29253;;;;;;;;;;;;;;;;;;;;;;;;;;;
0641923T;École supérieure des technologies industrielles avancées;ESTIA;École d'ingénieurs;R75;Nouvelle-Aquitaine;621;;;;;;;;;;;;;;;;;;;;;;;;;;;
0590350K;École des hautes études commerciales du nord;Edhec;Autre établissement;R32;Hauts-de-France;5782;;;;;;;;;;;;;;;;;;;;;;;;;;;
0590343C;Groupe Institut supérieur d'agriculture de Lille;Isa;École d'ingénieurs;R32;Hauts-de-France;1070;;;;;;;;;;;;;;;;;;;;;;;;;;;
0593202K;Institut d'économie scientifique et de gestion;Ieseg;Autre établissement;R32;Hauts-de-France;3920;;;;;;;;;;;;;;;;;;;;;;;;;;;
0492062A;Institut des relations publiques et de la communication d’Angers;Ircom;;R52;Pays de la Loire;;;;;;;;;;;;;;;;;;;;;;;;;;;;
0451761V;COMUE Centre-Val de Loire;;Communauté d'universités et établissements;R24;Centre-Val de Loire;;;;;;;;;;;;;;;;;;;;;;;;;;;;
0941111X;Université Paris-Est Créteil Val-de-Marne;UPEC;Université;R11;Île-de-France;25575;;;;;;;;;;;;;;;;;;;;;;;;;;;
0931827F;Université Paris 8 - Vincennes - Saint-Denis;;Université;R11;Île-de-France;21802;;;;;;;;;;;;;;;;;;;;;;;;;;;
0940608A;École nationale vétérinaire d'Alfort;ENVA;Etablissement relevant d'un autre département ministériel rattaché à un EPSCP;R11;Île-de-France;682;;;;;;;;;;;;;;;;;;;;;;;;;;;
9730429D;Université de Guyane;;Université;R03;Guyane;2078;;;;;;;;;;;;;;;;;;;;;;;;;;;
0952199Z;Université Paris-Seine;;Communauté d'universités et établissements;R11;Île-de-France;;;;;;;;;;;;;;;;;;;;;;;;;;;;
0941934S;École d'ingénieur généraliste en informatique et technologies du numérique;EFREI;École d'ingénieurs;R11;Île-de-France;1084;;;;;;;;;;;;;;;;;;;;;;;;;;;
0951809A;Institut libre d'éducation physique supérieur;Ileps;Autre établissement;R11;Île-de-France;;;;;;;;;;;;;;;;;;;;;;;;;;;;
0951798N;ITESCIA;ITESCIA;École de commerce et de management;R11;Île-de-France;;;;;;;;;;;;;;;;;;;;;;;;;;;;
0061809J;École supérieure de danse de Cannes Rosella Hightower;;École de formation artistique;R93;Provence-Alpes-Côte d'Azur;;;;;;;;;;;;;;;;;;;;;;;;;;;;
0062068R;Conservatoire à rayonnement régional de Nice;;École de formation artistique;R93;Provence-Alpes-Côte d'Azur;;;;;;;;;;;;;;;;;;;;;;;;;;;;
0690187D;École centrale de Lyon;EC Lyon;Instituts et écoles extérieurs aux universités;R84;Auvergne-Rhône-Alpes;1714;;;;;;;;;;;;;;;;;;;;;;;;;;;
0650048Z;École nationale d'ingénieurs de Tarbes;ENI Tarbes;Écoles nationales supérieures d'ingénieurs;R76;Occitanie;1058;;;;;;;;;;;;;;;;;;;;;;;;;;;
0350077U;École nationale supérieure de chimie de Rennes;ENS Chimie Rennes;Écoles nationales supérieures d'ingénieurs;R53;Bretagne;489;;;;;;;;;;;;;;;;;;;;;;;;;;;
0590348H;Hautes études d'ingénieur;HEI;École d'ingénieurs;R32;Hauts-de-France;1460;;;;;;;;;;;;;;;;;;;;;;;;;;;
0590347G;Institut supérieur de l'électronique et du numérique;Isen-Lille;École d'ingénieurs;R32;Hauts-de-France;443;;;;;;;;;;;;;;;;;;;;;;;;;;;
0490811R;Facultés libres de l'Ouest;FLO;Établissement privé d'enseignement universitaire;R52;Pays de la Loire;7601;;;;;;;;;;;;;;;;;;;;;;;;;;;
0542455A;ICN Business School;ICN;École de commerce et de management;R44;Grand Est;2112;;;;;;;;;;;;;;;;;;;;;;;;;;;
0600071B;Institut polytechnique UniLaSalle;UniLaSalle;École d'ingénieurs;R32;Hauts-de-France;1838;;;;;;;;;;;;;;;;;;;;;;;;;;;
0342255S;Languedoc-Roussillon Universités;;Communauté d'universités et établissements;R76;Occitanie;;;;;;;;;;;;;;;;;;;;;;;;;;;;
0380141X;École nationale supérieure d'architecture de Grenoble;ENSAG;Établissement supérieur d'architecture;R84;Auvergne-Rhône-Alpes;;;;;;;;;;;;;;;;;;;;;;;;;;;;
0751721N;Université Paris Descartes;;Université;R11;Île-de-France;32978;;;;;;;;;;;;;;;;;;;;;;;;;;;
0692437Z;Université Jean Moulin - Lyon 3;;Université;R84;Auvergne-Rhône-Alpes;25828;;;;;;;;;;;;;;;;;;;;;;;;;;;
0690192J;Institut national des sciences appliquées de Lyon;INSA Lyon;Instituts et écoles extérieurs aux universités;R84;Auvergne-Rhône-Alpes;5927;;;;;;;;;;;;;;;;;;;;;;;;;;;
0691775E;Université Lumière - Lyon 2;;Université;R84;Auvergne-Rhône-Alpes;29279;;;;;;;;;;;;;;;;;;;;;;;;;;;
0692566P;École nationale des travaux publics de l'État;ENTPE;École extérieure relevant d'un autre département ministériel;R84;Auvergne-Rhône-Alpes;591;;;;;;;;;;;;;;;;;;;;;;;;;;;
0753486G;École pratique des hautes études;EPHE;Grand établissement;R11;Île-de-France;1218;;;;;;;;;;;;;;;;;;;;;;;;;;;
0690195M;Institut catholique de Lyon;UCLY;Établissement privé d'enseignement universitaire;R84;Auvergne-Rhône-Alpes;6039;;;;;;;;;;;;;;;;;;;;;;;;;;;
0693364G;Institut textile et chimique;ITECH;École d'ingénieurs;R84;Auvergne-Rhône-Alpes;458;;;;;;;;;;;;;;;;;;;;;;;;;;;
0751871B;École nationale supérieure d'architecture de Paris-Malaquais;ENSAPM;Établissement supérieur d'architecture;R11;Île-de-France;;;;;;;;;;;;;;;;;;;;;;;;;;;;
0753429V;École supérieure de physique et de chimie industrielles de la ville de Paris;ESPCI Paris;École d'ingénieurs;R11;Île-de-France;352;;;;;;;;;;;;;;;;;;;;;;;;;;;
0772502B;Université Paris-Est Marne-la-Vallée;UPEM;Université;R11;Île-de-France;10556;;;;;;;;;;;;;;;;;;;;;;;;;;;
0811293R;Institut national universitaire Jean-François Champollion;INU Albi;Autre établissement;R76;Occitanie;3816;;;;;;;;;;;;;;;;;;;;;;;;;;;
0801344B;Université de Picardie Jules-Verne;UPJV;Université;R32;Hauts-de-France;23816;;;;;;;;;;;;;;;;;;;;;;;;;;;
0781944P;Université de Versailles Saint-Quentin-en-Yvelines;;Université;R11;Île-de-France;15799;;;;;;;;;;;;;;;;;;;;;;;;;;;
0762762P;Université du Havre;;Université;R28;Normandie;7230;;;;;;;;;;;;;;;;;;;;;;;;;;;
0753488J;Institut national des langues et civilisations orientales;INALCO;Grand établissement;R11;Île-de-France;7083;;;;;;;;;;;;;;;;;;;;;;;;;;;
0831458J;Yncréa Méditerranée;Yncréa Méditerranée;École d'ingénieurs;R93;Provence-Alpes-Côte d'Azur;419;;;;;;;;;;;;;;;;;;;;;;;;;;;
0760167U;Neoma Business School;;École de commerce et de management;R28;Normandie;9403;;;;;;;;;;;;;;;;;;;;;;;;;;;
0754493B;Institut de management et de communication interculturels;ISIT;Autre établissement;R11;Île-de-France;;;;;;;;;;;;;;;;;;;;;;;;;;;;
0753605L;Institut protestant de théologie;IPT;Établissement privé d'enseignement universitaire;R11;Île-de-France;;;;;;;;;;;;;;;;;;;;;;;;;;;;
0331766R;Université Bordeaux-Montaigne;UBM;Université;R75;Nouvelle-Aquitaine;14888;;;;;;;;;;;;;;;;;;;;;;;;;;;
0250082D;École nationale supérieure de mécanique et des microtechniques;ENSMM Besançon;Écoles nationales supérieures d'ingénieurs;R27;Bourgogne-Franche-Comté;832;;;;;;;;;;;;;;;;;;;;;;;;;;;
0333178A;Communauté d'universités et établissements d'Aquitaine;;Communauté d'universités et établissements;R75;Nouvelle-Aquitaine;;;;;;;;;;;;;;;;;;;;;;;;;;;;
0142182W;École supérieure d'ingénieurs des travaux de la construction de Caen;ESITC;École d'ingénieurs;R28;Normandie;410;;;;;;;;;;;;;;;;;;;;;;;;;;;
0292125C;Institut supérieur de l'électronique et du numérique de Brest;Yncréa Ouest;École d'ingénieurs;R53;Bretagne;396;;;;;;;;;;;;;;;;;;;;;;;;;;;
0251985X;Université Bourgogne - Franche-Comté;;Communauté d'universités et établissements;R27;Bourgogne-Franche-Comté;;;;;;;;;;;;;;;;;;;;;;;;;;;;
0310144N;Institut supérieur des arts de Toulouse;ISDAT;École de formation artistique;R76;Occitanie;;;;;;;;;;;;;;;;;;;;;;;;;;;;
0062120X;The Sustainable Design School;SDS;École de formation artistique;R93;Provence-Alpes-Côte d'Azur;;;;;;;;;;;;;;;;;;;;;;;;;;;;
0310143M;École nationale supérieure de formation de l’enseignement agricole;ENSFEA;École de formation agricole ou halieutique;R76;Occitanie;;;;;;;;;;;;;;;;;;;;;;;;;;;;
0312561R;Centre de ressources, d'expertise et de performance sportives de Toulouse;CREPS Toulouse;Autre établissement;R76;Occitanie;;;;;;;;;;;;;;;;;;;;;;;;;;;;
0931238R;Université Paris 13 - Paris Nord;;Université;R11;Île-de-France;20391;;;;;;;;;;;;;;;;;;;;;;;;;;;
0911975C;Université d'Évry-Val d'Essonne;;Université;R11;Île-de-France;9205;;;;;;;;;;;;;;;;;;;;;;;;;;;
0860073M;École nationale supérieure de mécanique et d'aérotechnique de Poitiers;ISAE-ENSMA;Écoles nationales supérieures d'ingénieurs;R75;Nouvelle-Aquitaine;689;;;;;;;;;;;;;;;;;;;;;;;;;;;
0922369A;École de management Léonard De Vinci;EMLV;Autre établissement;R11;Île-de-France;1100;;;;;;;;;;;;;;;;;;;;;;;;;;;
0912330N;Université Paris-Saclay;;Communauté d'universités et établissements;R11;Île-de-France;;;;;;;;;;;;;;;;;;;;;;;;;;;;
0922605G;Institut national supérieur de formation et de recherche pour l'éducation des jeunes handicapés et les enseignements adaptés;INS HEA;Autre établissement;R11;Île-de-France;;;;;;;;;;;;;;;;;;;;;;;;;;;;
9830445S;Université de la Nouvelle-Calédonie;;Université;R00;Collectivités d'outre-mer;2757;;;;;;;;;;;;;;;;;;;;;;;;;;;
;Université Clermont Auvergne;;Association d'établissements;R84;Auvergne-Rhône-Alpes;;;;;;;;;;;;;;;;;;;;;;;;;;;;
;Université de Strasbourg;;Association d'établissements;R44;Grand Est;;;;;;;;;;;;;;;;;;;;;;;;;;;;
;Picardie Universités;;Association d'établissements;R32;Hauts-de-France;;;;;;;;;;;;;;;;;;;;;;;;;;;;
